,A.1_DikeIncrease,A.2_DikeIncrease,A.3_DikeIncrease,A.4_DikeIncrease,A.5_DikeIncrease,0_RfR,1_RfR,2_RfR,3_RfR,4_RfR,EWS_DaysToThreat,Expected Number of Deaths(1/3),Expected Number of Deaths(2/5),Expected Number of Deaths(4),Dike Investment Costs(1/3),Dike Investment Costs(2/5),Dike Investment Costs(4),RfR Total Costs,Expected Evacuation Costs
0,0,0,0,0,0,1,0,1,0,0,3,0.0,0.0,1.2358780267414166e-05,0.0,0.0,0.0,115300000.0,11.364845931568324
1,0,0,2,1,0,0,0,0,0,0,0,0.0,0.0,0.0,20727091.370783716,0.0,6111949.7568392595,0.0,0.0
2,0,0,1,3,0,0,0,0,0,0,2,0.0,0.0,0.0,19628562.840069227,0.0,7642842.87314358,0.0,0.0
3,0,0,0,1,0,1,0,0,0,0,2,0.0,0.0,0.0,0.0,0.0,6111949.7568392595,84600000.0,0.0
4,5,0,3,0,0,1,0,0,0,0,0,0.0,0.0,0.00010298983556178472,67503641.05398563,0.0,0.0,84600000.0,0.0
5,0,0,0,0,2,0,0,0,0,0,1,0.0,0.0,3.7076340802242494e-05,0.0,25785870.637234025,0.0,0.0,5.51022833045737
