,A.1_DikeIncrease,A.2_DikeIncrease,A.3_DikeIncrease,A.4_DikeIncrease,A.5_DikeIncrease,0_RfR,1_RfR,2_RfR,3_RfR,4_RfR,EWS_DaysToThreat,Expected Number of Deaths(1/3),Expected Number of Deaths(2/5),Expected Number of Deaths(4),Dike Investment Costs(1/3),Dike Investment Costs(2/5),Dike Investment Costs(4),RfR Total Costs,Expected Evacuation Costs
0,0,0,0,7,7,0,0,1,0,0,2,0.0,0.0,0.0,0.0,34931116.629465275,11272591.42225772,30700000.0,0.0
1,0,1,0,6,0,0,0,0,0,0,3,0.0,0.0,0.0,0.0,36981434.68571546,10288445.546812398,0.0,0.0
2,0,3,0,0,0,0,0,0,0,0,3,0.0,0.0,1.2358780267414166e-05,0.0,43255246.701813385,0.0,0.0,11.364845931568324
3,0,0,0,2,1,1,0,0,0,0,0,0.0,0.0,0.0,0.0,24209939.73055957,6855554.988995028,84600000.0,0.0
4,0,0,0,0,0,1,0,1,0,0,3,0.0,0.0,1.2358780267414166e-05,0.0,0.0,0.0,115300000.0,11.364845931568324
5,0,0,1,8,6,0,0,0,0,0,2,0.0,0.0,0.0,19628562.840069227,32920579.03266607,12311982.23454428,0.0,0.0
6,0,0,2,1,0,0,0,0,0,0,0,0.0,0.0,0.0,20727091.370783716,0.0,6111949.7568392595,0.0,0.0
